scenario_id,title,kind,target,transport,connections,payload_bytes,throughput_mbps,packets_per_second,offered_packets_per_second,connection_rate_per_second,successful_connections,requested_connections,p99_latency_ms,p99_connect_latency_ms,cpu_avg_percent,cpu_ms_total,cpu_ms_per_operation,cpu_ms_per_connection,peak_memory_bytes,peak_conntrack_count,peak_nf_conntrack_objects,peak_nf_conntrack_bytes,cgroup_memory_current_peak,cgroup_memory_peak_bytes,cgroup_memory_anon_peak_bytes,cgroup_memory_file_peak_bytes,cgroup_memory_kernel_peak_bytes,cgroup_memory_sock_peak_bytes,cgroup_pids_peak,cgroup_threads_peak,host_cpu_ms,host_softirq_ms,error_rate,packet_loss_pct,throughput_pct,pps_pct,connection_rate_pct,active_connections_pct,p99_latency_pct,cpu_pct,memory_pct
tcp_connect_rate_10k,TCP connection rate / 10K connections,tcp_connect_rate,nginx,tcp,10000,1,0.0,0.0,0.0,3313.291648521743,10000.0,10000.0,,,12.08875,1587.4348528772373,,0.15874348528772372,380737945.6,0.0,0.0,0.0,380801024.0,382271488.0,322867200.0,16384.0,57921536.0,2916352.0,3.0,1.0,154320.0,3501780.0,0.0,0.0,,,100.0,,,100.0,100.0
tcp_connect_rate_10k,TCP connection rate / 10K connections,tcp_connect_rate,caddy,tcp,10000,1,0.0,0.0,0.0,2428.295821574752,10000.0,10000.0,,,36.22625,5017.0284061133,,0.50170284061133,723622297.6,0.0,0.0,0.0,723640320.0,743469056.0,665374720.0,4096.0,58212352.0,204800.0,11.0,11.0,166360.0,3577360.0,0.0,0.0,,,73.28952833530847,,,316.04625519087597,190.05783530707794
tcp_connect_rate_10k,TCP connection rate / 10K connections,tcp_connect_rate,raddex-l4,tcp,10000,1,0.0,0.0,0.0,2804.573447649561,10000.0,10000.0,,,29.525,4042.53960586625,,0.404253960586625,256796262.4,0.0,0.0,0.0,256815104.0,265433088.0,199426048.0,0.0,57389056.0,13029376.0,13.0,13.0,161670.0,3545420.0,0.0,0.0,,,84.64613879978988,,,254.65861471663658,67.44698430184522
tcp_connect_rate_10k,TCP connection rate / 10K connections,tcp_connect_rate,nat,tcp,10000,1,0.0,0.0,0.0,3883.2919340952126,10000.0,10000.0,,,2.0557142857142856,2521080.0,,252.108,1011712.0,10002.0,75004.0,19201024.0,1089536.0,16498688.0,106496.0,0.0,1101824.0,0.0,3.0,1.0,150170.0,2521080.0,0.0,0.0,,,117.20344437012602,,,,
tcp_connect_rate_50k,TCP connection rate / 50K connections,tcp_connect_rate,nginx,tcp,50000,1,0.0,0.0,0.0,155.72080424618173,28803.0,50000.0,,,150.85663157894737,291244.23625697015,,10.196913250366576,909220249.6,0.0,0.0,0.0,909262848.0,909496320.0,712220672.0,16384.0,161624064.0,65744896.0,3.0,1.0,2011160.0,16624259.999999998,0.42394,0.0,,,100.0,,,100.0,100.0
tcp_connect_rate_50k,TCP connection rate / 50K connections,tcp_connect_rate,caddy,tcp,50000,1,0.0,0.0,0.0,134.14734803278287,28821.0,50000.0,,,166.7244537815126,387411.47653336363,,13.441985931555589,1073741824.0,0.0,0.0,0.0,1073741824.0,1081401344.0,961445888.0,417792.0,167178240.0,111104000.0,38.0,38.0,2298160.0,21311060.0,0.42357999999999996,0.0,,,86.14606679060493,,,131.82406873052835,118.09479875446891
tcp_connect_rate_50k,TCP connection rate / 50K connections,tcp_connect_rate,raddex-l4,tcp,50000,1,0.0,0.0,0.0,178.35353341057757,32516.0,50000.0,,,144.30451612903227,275753.2449007524,,8.480540192543744,764097331.2,0.0,0.0,0.0,763793408.0,764317696.0,555716608.0,0.0,161116160.0,59502592.0,13.0,13.0,1993920.0,17066600.0,0.34968,0.0,,,114.53417176590956,,,83.16771933152292,84.03874985584132
tcp_connect_rate_50k,TCP connection rate / 50K connections,tcp_connect_rate,nat,tcp,50000,1,0.0,0.0,0.0,711.2636491692426,48548.0,50000.0,,,2.3083673469387755,11902760.0,,245.1750844525006,1375731.712,48166.0,170595.0,43672320.0,4911104.0,17608704.0,5996544.0,0.0,1404928.0,0.0,6.0,1.0,855360.0,11902760.0,0.029039999999999955,0.0,,,456.7556998002614,,,,
tcp_latency_1,TCP p99 latency / 64 B / 1 connection,p99_latency,nginx,tcp,1,64,3.0367232000000004,5931.1,0.0,486.686685712339,1.0,1.0,0.5,2.0,48.288,4828.799999999999,0.08111142958304529,4828.799999999999,178362777.6,0.0,0.0,0.0,178352128.0,178806784.0,177360896.0,16384.0,970752.0,4096.0,3.0,1.0,107320.0,4994100.0,0.0,0.0,,,,,100.0,100.0,100.0
tcp_latency_1,TCP p99 latency / 64 B / 1 connection,p99_latency,caddy,tcp,1,64,2.685952,5246.0,0.0,346.3521327498454,1.0,1.0,0.5,5.0,71.818,7181.799999999999,0.1369004956157072,7181.799999999999,11869880.32,0.0,0.0,0.0,11878400.0,12808192.0,11227136.0,53248.0,647168.0,4096.0,7.0,7.0,106640.0,4460840.0,0.0,0.0,,,,,100.0,168.7807702557415,6.654908877131099
tcp_latency_1,TCP p99 latency / 64 B / 1 connection,p99_latency,raddex-l4,tcp,1,64,2.832896,5533.0,0.0,410.07858335892905,1.0,1.0,0.5,5.0,53.492,5349.2,0.09667811313934574,5349.2,6127878.144,0.0,0.0,0.0,6385664.0,8130560.0,5308416.0,0.0,815104.0,4096.0,13.0,13.0,107520.0,4676600.0,0.0,0.0,,,,,100.0,119.1917262910064,3.4356261022927694
tcp_latency_1,TCP p99 latency / 64 B / 1 connection,p99_latency,nat,tcp,1,64,5.0392576,9842.3,0.0,509.81443774095106,1.0,1.0,0.2,2.0,2.3280000000000003,4276420.0,43.436129652155245,4276420.0,888832.0,3.0,1088.0,278528.0,1105920.0,12791808.0,106496.0,0.0,897024.0,0.0,1.0,1.0,107390.0,4276420.0,0.0,0.0,,,,,40.0,,
tcp_latency_16,TCP p99 latency / 64 B / 16 connections,p99_latency,nginx,tcp,16,64,17.1530752,33502.1,0.0,2460.405161068886,16.0,16.0,2.0,10.0,169.458,16945.8,0.0505813068434516,1059.1125,178991923.2,0.0,0.0,0.0,178978816.0,179593216.0,177598464.0,16384.0,1028096.0,65536.0,3.0,1.0,106420.0,27183840.0,0.0,0.0,,,,,100.0,100.0,100.0
tcp_latency_16,TCP p99 latency / 64 B / 16 connections,p99_latency,caddy,tcp,16,64,13.7919488,26937.4,0.0,2332.875360739078,16.0,16.0,2.0,10.0,162.16000000000003,16216.000000000002,0.060590108919197846,1013.5000000000001,14449377.28,0.0,0.0,0.0,14467072.0,15499264.0,13377536.0,12288.0,753664.0,65536.0,8.0,8.0,105840.0,21884280.0,0.0,0.0,,,,,100.0,119.78755137095081,8.072642062097247
tcp_latency_16,TCP p99 latency / 64 B / 16 connections,p99_latency,raddex-l4,tcp,16,64,15.2329728,29751.9,0.0,361.83235795767615,16.0,16.0,2.0,100.0,174.916,17491.600000000002,0.05816844041518855,1093.2250000000001,6852444.16,0.0,0.0,0.0,6848512.0,8445952.0,5623808.0,0.0,901120.0,65536.0,13.0,13.0,106040.0,24190840.0,0.0,0.0,,,,,100.0,114.99987652596447,3.828353837141184
tcp_latency_16,TCP p99 latency / 64 B / 16 connections,p99_latency,nat,tcp,16,64,22.162176,43285.5,0.0,2762.108089230592,16.0,16.0,1.0,10.0,2.148,17724840.0,40.98217207898469,1107802.5,667648.0,18.0,885.0,226560.0,1114112.0,12144640.0,110592.0,0.0,827392.0,0.0,1.0,1.0,104860.0,17724840.0,0.0,0.0,,,,,50.0,,
tcp_latency_64,TCP p99 latency / 64 B / 64 connections,p99_latency,nginx,tcp,64,64,18.3580672,35855.6,0.0,1229.8355018151603,64.0,64.0,5.0,100.0,171.172,17117.2,0.04701515636817781,267.45625,180145356.8,0.0,0.0,0.0,180154368.0,181215232.0,178307072.0,16384.0,1310720.0,262144.0,3.0,1.0,106840.0,29024180.0,0.0,0.0,,,,,100.0,100.0,100.0
tcp_latency_64,TCP p99 latency / 64 B / 64 connections,p99_latency,caddy,tcp,64,64,14.868992,29041.0,0.0,740.9767298226219,64.0,64.0,10.0,100.0,168.054,16805.399999999998,0.05811301263730589,262.58437499999997,17186160.64,0.0,0.0,0.0,17195008.0,18489344.0,15634432.0,4096.0,1036288.0,262144.0,8.0,8.0,108030.0,23567020.0,0.0,0.0,,,,,200.0,123.60484815198798,9.540162980209546
tcp_latency_64,TCP p99 latency / 64 B / 64 connections,p99_latency,raddex-l4,tcp,64,64,15.745484800000002,30752.9,0.0,703.2508374316467,64.0,64.0,5.0,100.0,176.214,17621.4,0.05735133922329277,275.334375,8236564.48,0.0,0.0,0.0,8499200.0,9531392.0,6557696.0,0.0,1163264.0,262144.0,13.0,13.0,107140.0,24978300.0,0.0,0.0,,,,,100.0,121.98478885015685,4.572176949941793
tcp_latency_64,TCP p99 latency / 64 B / 64 connections,p99_latency,nat,tcp,64,64,31.6011008,61720.9,0.0,1401.6310473891676,64.0,64.0,5.0,100.0,2.438,25166060.0,40.778943750090356,393219.6875,1183842.304,66.0,1444.0,369664.0,1118208.0,16265216.0,114688.0,0.0,880640.0,0.0,1.0,1.0,105490.0,25166060.0,0.0,0.0,,,,,100.0,,
tcp_long_lived_10k,TCP long-lived connections / 10K,tcp_long_lived,nginx,tcp,10000,1,0.0,0.0,0.0,3194.462498925343,10000.0,10000.0,,,7.07,2352.3047412025,,0.23523047412024997,386190540.8,0.0,0.0,0.0,386162688.0,387207168.0,328237056.0,16384.0,57909248.0,1576960.0,3.0,1.0,357890.0,3671980.0,0.0,0.0,,,,100.0,,100.0,100.0
tcp_long_lived_10k,TCP long-lived connections / 10K,tcp_long_lived,caddy,tcp,10000,1,0.0,0.0,0.0,2421.10507587507,10000.0,10000.0,,,15.464444444444446,5297.12734675549,,0.529712734675549,737778073.6,0.0,0.0,0.0,737980416.0,743981056.0,679567360.0,237568.0,58200064.0,19169280.0,9.0,9.0,366310.0,3838420.0,0.0,0.0,,,,100.0,,225.18882243325308,191.039913114309
tcp_long_lived_10k,TCP long-lived connections / 10K,tcp_long_lived,raddex-l4,tcp,10000,1,0.0,0.0,0.0,2851.506218808138,10000.0,10000.0,,,12.793888888888889,4318.344442772283,,0.43183444427722834,258893414.4,0.0,0.0,0.0,258875392.0,291352576.0,201502720.0,0.0,57372672.0,22159360.0,13.0,13.0,360760.0,3738200.0,0.0,0.0,,,,100.0,,183.57929426119946,67.03774097203366
tcp_long_lived_10k,TCP long-lived connections / 10K,tcp_long_lived,nat,tcp,10000,1,0.0,0.0,0.0,3821.243075829689,10000.0,10000.0,,,2.3064705882352943,2892660.0,,289.266,7950303.232,10001.0,67418.0,17259008.0,1134592.0,13107200.0,106496.0,0.0,917504.0,0.0,2.0,1.0,350530.0,2892660.0,0.0,0.0,,,,100.0,,,
tcp_long_lived_50k,TCP long-lived connections / 50K,tcp_long_lived,nginx,tcp,50000,1,0.0,0.0,0.0,228.16096132226605,34601.0,50000.0,,,130.61760869565217,237715.64286640758,,6.870195741926753,858678886.4,0.0,0.0,0.0,858722304.0,858959872.0,646205440.0,16384.0,161579008.0,52248576.0,3.0,1.0,1895740.0,16947960.0,0.30798000000000003,0.0,,,,100.0,,100.0,100.0
tcp_long_lived_50k,TCP long-lived connections / 50K,tcp_long_lived,caddy,tcp,50000,1,0.0,0.0,0.0,115.65420248041659,27687.0,50000.0,,,175.4932,454025.88583052583,,16.2640022148777,1073741824.0,0.0,0.0,0.0,1073778688.0,1080664064.0,962600960.0,434176.0,165949440.0,83173376.0,44.0,44.0,2712020.0,22064740.0,0.44626,0.0,,,,80.01791855726714,,236.73273405622712,125.04579313713518
tcp_long_lived_50k,TCP long-lived connections / 50K,tcp_long_lived,raddex-l4,tcp,50000,1,0.0,0.0,0.0,154.63163707589698,29618.0,50000.0,,,147.85396396396396,327958.95393088786,,11.072960832294141,768291635.2,0.0,0.0,0.0,768036864.0,768614400.0,557215744.0,0.0,161972224.0,65253376.0,13.0,13.0,2231130.0,17454580.0,0.40764,0.0,,,,85.5986821190139,,161.1738769642205,89.47368421052633
tcp_long_lived_50k,TCP long-lived connections / 50K,tcp_long_lived,nat,tcp,50000,1,0.0,0.0,0.0,584.8030905948349,48076.0,50000.0,,,2.3804081632653062,12502780.0,,260.854996870436,4542431.232,47981.0,180800.0,46284800.0,1634304.0,19279872.0,3948544.0,0.0,1257472.0,0.0,4.0,1.0,1142190.0,12502780.0,0.03847999999999996,0.0,,,,138.94396115719198,,,
tcp_throughput_64k_1,TCP throughput / 64 KiB / 1 connection,tcp_throughput,nginx,tcp,1,65536,1148.4004352,2190.4,0.0,414.69771646702424,1.0,1.0,10.0,5.0,85.21000000000001,8521.0,0.3779401022644266,8521.0,179201638.4,0.0,0.0,0.0,179269632.0,180076544.0,177377280.0,16384.0,954368.0,372736.0,3.0,1.0,108190.0,17850040.0,0.0,0.0,100.0,,,,,100.0,100.0
tcp_throughput_64k_1,TCP throughput / 64 KiB / 1 connection,tcp_throughput,caddy,tcp,1,65536,1029.2822016,1963.2,0.0,264.48743129277756,1.0,1.0,10.0,5.0,87.046,8704.599999999999,0.4433883455582721,8704.599999999999,14627635.2,0.0,0.0,0.0,14630912.0,15679488.0,13303808.0,126976.0,643072.0,552960.0,7.0,7.0,109040.0,16965400.0,0.0,0.0,89.62746530314098,,,,,117.31709413785747,8.162668227033352
tcp_throughput_64k_1,TCP throughput / 64 KiB / 1 connection,tcp_throughput,raddex-l4,tcp,1,65536,1207.1206912,2302.4,0.0,433.21850154918934,1.0,1.0,10.0,5.0,85.558,8555.800000000001,0.3662873523280055,8555.800000000001,6819938.304,0.0,0.0,0.0,6881280.0,10215424.0,5443584.0,0.0,811008.0,192512.0,13.0,13.0,108670.0,17488140.0,0.0,0.0,105.11322132943755,,,,,96.91677335466555,3.805734347571679
tcp_throughput_64k_1,TCP throughput / 64 KiB / 1 connection,tcp_throughput,nat,tcp,1,65536,672.7663616,1283.2,0.0,478.9375249945521,1.0,1.0,100.0,2.0,1.8820000000000001,5069460.0,395.01107594936707,5069460.0,724992.0,3.0,1120.0,286720.0,1167360.0,12632064.0,106496.0,0.0,892928.0,0.0,1.0,1.0,107790.0,5069460.0,0.0,0.0,58.58290723155588,,,,,,
tcp_throughput_64k_16,TCP throughput / 64 KiB / 16 connections,tcp_throughput,nginx,tcp,16,65536,3873.439744,7388.0,0.0,2470.367936600477,16.0,16.0,100.0,10.0,178.186,17818.6,0.2377883053600433,1113.6625,188429107.2,0.0,0.0,0.0,188272640.0,190787584.0,177995776.0,16384.0,1040384.0,8663040.0,3.0,1.0,108680.0,42819000.0,0.0,0.0,100.0,,,,,100.0,100.0
tcp_throughput_64k_16,TCP throughput / 64 KiB / 16 connections,tcp_throughput,caddy,tcp,16,65536,2967.47008,5660.0,0.0,1707.664489180985,16.0,16.0,100.0,10.0,174.97,17497.0,0.3085689045936396,1093.5625,23771217.92,0.0,0.0,0.0,23318528.0,25571328.0,13365248.0,151552.0,765952.0,8253440.0,8.0,8.0,108530.0,37557820.0,0.0,0.0,76.61072008662697,,,,,129.76622383780608,12.615470228158044
tcp_throughput_64k_16,TCP throughput / 64 KiB / 16 connections,tcp_throughput,raddex-l4,tcp,16,65536,6062.0275712,11562.4,0.0,384.62168094626736,16.0,16.0,100.0,100.0,175.314,17531.399999999998,0.15302878295163636,1095.7124999999999,17490247.68,0.0,0.0,0.0,18477056.0,21852160.0,9805824.0,0.0,892928.0,7110656.0,13.0,13.0,108280.0,51799940.0,0.0,0.0,156.50243638332432,,,,,64.35505006014922,9.282136894824708
tcp_throughput_64k_16,TCP throughput / 64 KiB / 16 connections,tcp_throughput,nat,tcp,16,65536,6714.661273600001,12807.2,0.0,2735.387814736286,16.0,16.0,100.0,10.0,2.246,48970580.0,382.3415188576551,3060661.25,925696.0,18.0,1088.0,278528.0,1003520.0,11874304.0,110592.0,0.0,790528.0,0.0,1.0,1.0,107250.0,48970580.0,0.0,0.0,173.35138061721713,,,,,,
tcp_throughput_64k_64,TCP throughput / 64 KiB / 64 connections,tcp_throughput,nginx,tcp,64,65536,3557.6086528,6785.6,0.0,1458.6569111084677,64.0,64.0,123.3,100.0,174.842,17484.2,0.2576662343786843,273.190625,219466956.8,0.0,0.0,0.0,218902528.0,222130176.0,179912704.0,16384.0,1306624.0,37142528.0,3.0,1.0,109990.0,38073660.0,0.0,0.0,100.0,,,,,100.0,100.0
tcp_throughput_64k_64,TCP throughput / 64 KiB / 64 connections,tcp_throughput,caddy,tcp,64,65536,3171.7326848000002,6049.6,0.0,631.8799009567747,64.0,64.0,133.303,100.0,175.23600000000002,17523.600000000002,0.28966543242528436,273.80625000000003,55710842.88,0.0,0.0,0.0,56471552.0,58601472.0,17735680.0,208896.0,1060864.0,36802560.0,9.0,9.0,109370.0,38043600.0,0.0,0.0,89.1535015326574,,,,,112.41885578207807,25.384615384615383
tcp_throughput_64k_64,TCP throughput / 64 KiB / 64 connections,tcp_throughput,raddex-l4,tcp,64,65536,6281.8091008,11981.6,0.0,932.0711090447612,64.0,64.0,100.0,100.0,176.352,17635.2,0.14845016611295683,275.55,55071211.52,0.0,0.0,0.0,53538816.0,56619008.0,15110144.0,0.0,1179648.0,35999744.0,13.0,13.0,108610.0,51307400.0,0.0,0.0,176.57392124498938,,,,,57.613356469045186,25.093167701863354
tcp_throughput_64k_64,TCP throughput / 64 KiB / 64 connections,tcp_throughput,nat,tcp,64,65536,8023.284121600001,15303.2,0.0,1331.1880129181811,64.0,64.0,111.236,100.0,2.212,55776640.0,363.47108027863425,871510.0,2305818.624,66.0,1349.0,345344.0,995328.0,13799424.0,106496.0,0.0,528384.0,0.0,1.0,1.0,108950.0,55776640.0,0.0,0.0,225.52464041499647,,,,,,
udp_flows_10k,UDP flows / 10K clients,udp_flows,nginx,udp,10000,64,0.0,0.0,0.0,3156.886201090582,10000.0,10000.0,,,3.5233333333333334,1169.8623975966664,,0.11698623975966664,411670937.6,0.0,0.0,0.0,411660288.0,412459008.0,341852160.0,16384.0,28819456.0,40972288.0,3.0,1.0,355590.0,2349080.0,0.0,0.0,,,,100.0,,100.0,100.0
udp_flows_10k,UDP flows / 10K clients,udp_flows,caddy,udp,10000,64,0.0,0.0,0.0,728.929901630274,9849.0,10000.0,,,9.01086956521739,3923.314867104456,,0.3983465191496046,755079577.6,0.0,0.0,0.0,755462144.0,758669312.0,685240320.0,237568.0,28774400.0,40349696.0,10.0,10.0,455140.0,2520760.0,0.015100000000000002,0.0,,,,98.49,,340.50715705364746,183.4182373917473
udp_flows_10k,UDP flows / 10K clients,udp_flows,raddex-l4,udp,10000,64,0.0,0.0,0.0,3594.9226814724566,10000.0,10000.0,,,4.1129411764705885,1349.9488147504944,,0.13499488147504946,214748364.8,0.0,0.0,0.0,214765568.0,215126016.0,144568320.0,0.0,29224960.0,40972288.0,13.0,13.0,349470.0,2344800.0,0.0,0.0,,,,100.0,,115.39381191529814,52.1650534895568
udp_flows_10k,UDP flows / 10K clients,udp_flows,nat,udp,10000,64,0.0,0.0,0.0,3785.3349223684813,10000.0,10000.0,,,2.3570588235294117,2209520.0,,220.952,1121976.32,10002.0,50992.0,13053952.0,1298432.0,14610432.0,110592.0,0.0,1126400.0,0.0,1.0,1.0,348730.0,2209520.0,0.0,0.0,,,,100.0,,,
udp_flows_50k,UDP flows / 50K clients,udp_flows,nginx,udp,50000,64,0.0,0.0,0.0,133.24831063869274,28231.0,50000.0,,,40.58112068965517,99668.68458058259,,3.530469504466104,1017433292.8,0.0,0.0,0.0,1018548224.0,1019342848.0,822169600.0,1220608.0,79683584.0,116015104.0,3.0,1.0,2429830.0,10977300.0,0.43538,0.0,,,,100.0,,100.0,100.0
udp_flows_50k,UDP flows / 50K clients,udp_flows,caddy,udp,50000,64,0.0,0.0,0.0,605.7104073269929,48168.0,50000.0,,,72.41625,79429.47193445942,,1.649009133334567,1073741824.0,0.0,0.0,0.0,1073664000.0,1073991680.0,941785088.0,3166208.0,61693952.0,88031232.0,10.0,10.0,1113000.0,11154800.0,0.036640000000000006,0.0,,,,170.62094860259998,,46.70792740876368,105.53437081315057
udp_flows_50k,UDP flows / 50K clients,udp_flows,raddex-l4,udp,50000,64,0.0,0.0,0.0,151.13520382708845,28231.0,50000.0,,,55.62533333333333,98873.14539866778,,3.502289872787637,787270860.8,0.0,0.0,0.0,787226624.0,787578880.0,590663680.0,0.0,80990208.0,116023296.0,13.0,13.0,2179930.0,10196700.0,0.43538,0.0,,,,100.0,,99.20181631245309,77.37813047511078
udp_flows_50k,UDP flows / 50K clients,udp_flows,nat,udp,50000,64,0.0,0.0,0.0,1206.7580365196875,49992.0,50000.0,,,2.288108108108108,8040260.0,,160.83415014702646,7810842.624,40042.0,157147.0,40229632.0,5992448.0,17207296.0,3952640.0,0.0,1134592.0,0.0,1.0,1.0,730760.0,8040260.0,0.000160000000000049,0.0,,,,177.08193121037158,,,
udp_latency_64,UDP p99 latency / 64 B datagrams,p99_latency,nginx,udp,1,64,2.5110528,4904.4,0.0,1000.0,1.0,1.0,0.5,,40.344,4034.3999999999996,0.08602146279649941,4034.3999999999996,178362777.6,0.0,0.0,0.0,178360320.0,179113984.0,177381376.0,16384.0,958464.0,16384.0,3.0,1.0,105630.0,4176920.0,0.0,0.0,,,,,100.0,100.0,100.0
udp_latency_64,UDP p99 latency / 64 B datagrams,p99_latency,caddy,udp,1,64,1.6787968,3278.9,0.0,1000.0,1.0,1.0,1.0,,67.744,6774.4,0.20678134400280365,6774.4,14271119.36,0.0,0.0,0.0,14180352.0,14856192.0,13463552.0,65536.0,647168.0,12288.0,7.0,7.0,105070.0,2882920.0,0.0,0.0,,,,,200.0,240.38343139082085,8.001175778953556
udp_latency_64,UDP p99 latency / 64 B datagrams,p99_latency,raddex-l4,udp,1,64,2.4482304,4781.7,0.0,1000.0,1.0,1.0,0.5,,48.465999999999994,4846.599999999999,0.10178122562191212,4846.599999999999,6177161.216,0.0,0.0,0.0,6176768.0,10207232.0,5357568.0,0.0,806912.0,12288.0,13.0,13.0,106190.0,4081540.0,0.0,0.0,,,,,100.0,118.3207333531348,3.463256907701352
udp_latency_64,UDP p99 latency / 64 B datagrams,p99_latency,nat,udp,1,64,4.0213504,7854.2,0.0,1000.0,1.0,1.0,0.25,,2.044,3488280.0,44.337414061900986,3488280.0,741376.0,3.0,928.0,237568.0,1327104.0,12525568.0,110592.0,0.0,958464.0,0.0,1.0,1.0,105630.0,3488280.0,0.0,0.0,,,,,50.0,,
udp_pps_64,UDP packets per second / 64 B datagrams,udp_pps,nginx,udp,1,64,5.12,10000.0,10000.0,1000.0,1.0,1.0,,,37.656,3765.6,0.037656,3765.6,178887065.6,0.0,0.0,0.0,178872320.0,179257344.0,177373184.0,16384.0,958464.0,57344.0,3.0,1.0,109290.0,8241980.0,0.0,0.0,,100.0,,,,100.0,100.0
udp_pps_64,UDP packets per second / 64 B datagrams,udp_pps,caddy,udp,1,64,5.12,10000.0,10000.0,1000.0,1.0,1.0,,,61.378,6137.8,0.061378,6137.8,16892559.36,0.0,0.0,0.0,16793600.0,17174528.0,15605760.0,4096.0,671744.0,53248.0,8.0,8.0,106500.0,8246520.0,0.0,0.0,,100.0,,,,162.99660080730825,9.443141852286049
udp_pps_64,UDP packets per second / 64 B datagrams,udp_pps,raddex-l4,udp,1,64,5.12,10000.0,10000.0,1000.0,1.0,1.0,,,52.465999999999994,5246.599999999999,0.05246599999999999,5246.599999999999,6774849.536,0.0,0.0,0.0,6770688.0,10035200.0,5357568.0,0.0,811008.0,110592.0,13.0,13.0,107210.0,8243280.000000001,0.0,0.0,,100.0,,,,139.32972169109834,3.7872215709261434
udp_pps_64,UDP packets per second / 64 B datagrams,udp_pps,nat,udp,1,64,5.12,10000.0,10000.0,1000.0,1.0,1.0,,,2.154,4281920.0,42.8192,4281920.0,1716518.912,3.0,960.0,245760.0,1085440.0,13787136.0,114688.0,0.0,864256.0,0.0,1.0,1.0,106830.0,4281920.0,0.0,0.0,,100.0,,,,,
udp_throughput_1400,UDP throughput / 1400 B datagrams,udp_throughput,nginx,udp,1,1400,56.0,5000.0,5000.0,1000.0,1.0,1.0,,,21.118000000000002,2111.8000000000006,0.04223600000000001,2111.8000000000006,178887065.6,0.0,0.0,0.0,178724864.0,179187712.0,177381376.0,16384.0,954368.0,122880.0,3.0,1.0,109340.0,4200360.0,0.0,0.0,100.0,,,,,100.0,100.0
udp_throughput_1400,UDP throughput / 1400 B datagrams,udp_throughput,caddy,udp,1,1400,56.0,5000.0,5000.0,1000.0,1.0,1.0,,,38.498000000000005,3849.8000000000006,0.07699600000000001,3849.8000000000006,16798187.52,0.0,0.0,0.0,16560128.0,17133568.0,15572992.0,4096.0,675840.0,49152.0,8.0,8.0,108090.0,4215660.0,0.0,0.0,100.0,,,,,182.29946017615302,9.390386869871044
udp_throughput_1400,UDP throughput / 1400 B datagrams,udp_throughput,raddex-l4,udp,1,1400,56.0,5000.0,5000.0,1000.0,1.0,1.0,,,23.55,2355.0,0.0471,2355.0,6561988.608,0.0,0.0,0.0,6762496.0,9805824.0,5361664.0,0.0,798720.0,69632.0,13.0,13.0,108940.0,4205340.0,0.0,0.0,100.0,,,,,111.51624206837766,3.668229777256741
udp_throughput_1400,UDP throughput / 1400 B datagrams,udp_throughput,nat,udp,1,1400,56.0,5000.0,5000.0,1000.0,1.0,1.0,,,2.558,2278440.0,45.5688,2278440.0,806912.0,3.0,960.0,245760.0,1105920.0,17420288.0,110592.0,0.0,880640.0,0.0,1.0,1.0,108850.0,2278440.0,0.0,0.0,100.0,,,,,,
udp_throughput_512,UDP throughput / 512 B datagrams,udp_throughput,nginx,udp,1,512,20.48,5000.0,5000.0,1000.0,1.0,1.0,,,23.381999999999998,2338.2,0.04676399999999999,2338.2,178887065.6,0.0,0.0,0.0,178872320.0,179187712.0,177377280.0,16384.0,942080.0,16384.0,3.0,1.0,109310.0,4203460.0,0.0,0.0,100.0,,,,,100.0,100.0
udp_throughput_512,UDP throughput / 512 B datagrams,udp_throughput,caddy,udp,1,512,20.48,5000.0,5000.0,1000.0,1.0,1.0,,,35.268,3526.7999999999997,0.070536,3526.7999999999997,16357785.6,0.0,0.0,0.0,16531456.0,17207296.0,15577088.0,20480.0,667648.0,16384.0,8.0,8.0,108400.0,4211120.0,0.0,0.0,100.0,,,,,150.83397485245064,9.14419695193435
udp_throughput_512,UDP throughput / 512 B datagrams,udp_throughput,raddex-l4,udp,1,512,20.48,5000.0,5000.0,1000.0,1.0,1.0,,,24.168,2416.8,0.048336000000000004,2416.8,6684672.0,0.0,0.0,0.0,6696960.0,9936896.0,5353472.0,0.0,806912.0,73728.0,13.0,13.0,109380.0,4204980.0,0.0,0.0,100.0,,,,,103.36156017449323,3.736811254396249
udp_throughput_512,UDP throughput / 512 B datagrams,udp_throughput,nat,udp,1,512,20.48,5000.0,5000.0,1000.0,1.0,1.0,,,1.8379999999999999,2283060.0,45.6612,2283060.0,892928.0,3.0,960.0,245760.0,1101824.0,12652544.0,110592.0,0.0,827392.0,0.0,1.0,1.0,108820.0,2283060.0,0.0,0.0,100.0,,,,,,
udp_throughput_64,UDP throughput / 64 B datagrams,udp_throughput,nginx,udp,1,64,2.56,5000.0,5000.0,1000.0,1.0,1.0,,,20.342000000000002,2034.2000000000003,0.040684000000000005,2034.2000000000003,178677350.4,0.0,0.0,0.0,178876416.0,179343360.0,177389568.0,16384.0,946176.0,12288.0,3.0,1.0,109680.0,4203680.0,0.0,0.0,100.0,,,,,100.0,100.0
udp_throughput_64,UDP throughput / 64 B datagrams,udp_throughput,caddy,udp,1,64,2.56,5000.0,5000.0,1000.0,1.0,1.0,,,36.076,3607.6000000000004,0.07215200000000001,3607.6000000000004,14722007.04,0.0,0.0,0.0,14479360.0,15306752.0,13512704.0,20480.0,679936.0,32768.0,8.0,8.0,108050.0,4212080.0,0.0,0.0,100.0,,,,,177.347360141579,8.239436619718308
udp_throughput_64,UDP throughput / 64 B datagrams,udp_throughput,raddex-l4,udp,1,64,2.56,5000.0,5000.0,1000.0,1.0,1.0,,,21.535999999999998,2153.5999999999995,0.04307199999999999,2153.5999999999995,6652166.144,0.0,0.0,0.0,6750208.0,10186752.0,5414912.0,0.0,806912.0,53248.0,13.0,13.0,109290.0,4203260.0,0.0,0.0,100.0,,,,,105.86962933831478,3.7230046948356805
udp_throughput_64,UDP throughput / 64 B datagrams,udp_throughput,nat,udp,1,64,2.56,5000.0,5000.0,1000.0,1.0,1.0,,,1.954,2283380.0,45.6676,2283380.0,749568.0,3.0,960.0,245760.0,1122304.0,12496896.0,110592.0,0.0,950272.0,0.0,1.0,1.0,107900.0,2283380.0,0.0,0.0,100.0,,,,,,
