timestamp	cpu_percent	memory_usage	conntrack_count	nf_conntrack_objects	nf_conntrack_bytes	memory_current	memory_peak_cgroup	memory_anon	memory_file	memory_kernel	memory_sock	pids_current	threads_current
1788520360.263632414	5.18%	20.66MiB / 1GiB				24637440	25419776	19914752	3211264	1142784	806912	8	8
1788520362.264342353	14.05%	263.5MiB / 1GiB				279232512	279633920	252862464	3211264	9908224	13250560	9	9
1788520364.269065346	0.00%	263.5MiB / 1GiB				279232512	279633920	252862464	3211264	9908224	13250560	9	9
1788520366.278764885	75.99%	447MiB / 1GiB				476241920	478601216	432664576	3211264	17760256	24588288	9	9
1788520368.284626448	0.00%	499.2MiB / 1GiB				526376960	527122432	475627520	3211264	19869696	27668480	9	9
1788520370.299545533	0.00%	499.2MiB / 1GiB				526376960	527122432	475627520	3211264	19869696	27668480	9	9
1788520372.303135730	51.53%	625.1MiB / 1GiB				658391040	661028864	595456000	3211264	24903680	34820096	10	10
1788520374.318636459	74.61%	884MiB / 1GiB				930013184	930664448	844369920	3211264	34312192	48365568	10	10
1788520376.323381777	151.78%	964.7MiB / 1GiB				1014329344	1014812672	906969088	3211264	42524672	60420096	10	10
1788520378.329208572	0.00%	995MiB / 1GiB				1046278144	1046904832	932315136	3211264	44482560	63246336	10	10
1788520380.348693705	0.00%	995MiB / 1GiB				1046278144	1046904832	932315136	3211264	44482560	63246336	10	10
1788520382.352624088	69.60%	1017MiB / 1GiB				1069256704	1070166016	949936128	3211264	45867008	65253376	10	10
1788520384.349890547	0.00%	1017MiB / 1GiB				1069256704	1070166016	949936128	3211264	45867008	65253376	10	10
1788520386.361709617	0.00%	1017MiB / 1GiB				1069256704	1070166016	949936128	3211264	45867008	65253376	10	10
1788520388.375665597	168.03%	1023MiB / 1GiB				1073664000	1074008064	939397120	1466368	50225152	71430144	10	10
1788520390.402133213	128.12%	1015MiB / 1GiB				1065312256	1074008064	922300416	1441792	53485568	76161024	10	10
1788520392.401642463	102.66%	991.8MiB / 1GiB				1042018304	1074008064	765612032	1441792	47493120	66990080	10	10
1788520394.407364144	0.00%	995.9MiB / 1GiB				1045012480	1074008064	766930944	1441792	47620096	67186688	10	10
1788520396.416878682	184.09%	966.4MiB / 1GiB				1013874688	1074008064	667271168	1441792	39641088	55058432	10	10
1788520398.423434774	78.97%	983.5MiB / 1GiB				1031593984	1074008064	610897920	1441792	40685568	56664064	10	10
1788520400.428800112	0.63%	980.5MiB / 1GiB				1028870144	1074008064	594976768	1441792	40685568	56664064	10	10
1788520402.442732907	30.16%	984.2MiB / 1GiB				1032867840	1074008064	609411072	1441792	36319232	50130944	10	10
1788520404.447837206	65.62%	1003MiB / 1GiB				1052086272	1074008064	556961792	1441792	35532800	48865280	10	10
1788520406.468304448	87.32%	1023MiB / 1GiB				1054158848	1074008064	522817536	974848	34742272	47788032	10	10
1788520408.465445296	141.21%	683.4MiB / 1GiB				718548992	1074008064	567558144	880640	41467904	57876480	10	10
1788520410.473309567	172.69%	760MiB / 1GiB				797405184	1074008064	630042624	880640	47706112	67313664	10	10
1788520412.476476304	87.77%	760.8MiB / 1GiB				798224384	1074008064	632520704	880640	46948352	66158592	10	10
1788520414.490388639	22.78%	780.2MiB / 1GiB				818569216	1074008064	648269824	880640	48689152	68800512	10	10
1788520416.499202549	67.69%	784.9MiB / 1GiB				823513088	1074008064	651796480	880640	49250304	69656576	10	10
1788520418.533355587	187.12%	759MiB / 1GiB				795754496	1074008064	630898688	880640	46374912	65323008	10	10
1788520420.521263873	94.61%	767.1MiB / 1GiB				804855808	1074008064	638083072	880640	47222784	66576384	10	10
1788520422.527522136	99.78%	780.9MiB / 1GiB				818749440	1074008064	651837440	880640	46907392	66097152	10	10
1788520424.532978009	119.32%	802.5MiB / 1GiB				841711616	1074008064	653053952	880640	49606656	70193152	10	10
1788520426.547178656	178.45%	885MiB / 1GiB				928411648	1074008064	724496384	880640	55635968	79294464	10	10
1788520428.554841329	35.71%	874.5MiB / 1GiB				917405696	1074008064	714981376	880640	53075968	75399168	10	10
1788520430.558604876	0.10%	871.1MiB / 1GiB				913850368	1074008064	709787648	880640	53075968	75399168	10	10
1788520432.582511745	191.69%	938.7MiB / 1GiB				984535040	1074008064	765673472	880640	56897536	81063936	10	10
1788520434.579535932	171.44%	867.3MiB / 1GiB				909963264	1074008064	693035008	880640	49238016	69459968	10	10
1788520436.582159932	172.64%	770.2MiB / 1GiB				807976960	1074008064	603512832	880640	43864064	61243392	10	10
1788520438.596820525	141.57%	706.4MiB / 1GiB				740171776	1074008064	541753344	880640	38776832	53522432	10	10
1788520440.600871640	54.17%	692.2MiB / 1GiB				725995520	1074008064	530690048	880640	36024320	49283072	10	10
1788520442.625088014	107.50%	730.7MiB / 1GiB				766353408	1074008064	562204672	880640	39915520	55386112	10	10
1788520444.616915085	141.12%	777.7MiB / 1GiB				815554560	1074008064	601128960	880640	43454464	60616704	10	10
1788520446.625267990	74.17%	768.6MiB / 1GiB				806428672	1074008064	593342464	880640	42889216	59760640	10	10
1788520448.637407472	75.77%	757.1MiB / 1GiB				794513408	1074008064	584912896	880640	41136128	57110528	10	10
1788520450.641145347	3.75%	731.7MiB / 1GiB				767737856	1074008064	569860096	880640	36806656	50520064	10	10
1788520452.652487834	0.00%	728MiB / 1GiB				763817984	1074008064	569880576	880640	35246080	48140288	10	10
1788520454.665523153	9.51%	729.9MiB / 1GiB				765501440	1074008064	578957312	880640	32198656	43556864	10	10
1788520456.671763344	5.87%	716.1MiB / 1GiB				751022080	1074008064	578969600	880640	26558464	34942976	10	10
1788520458.680358531	0.00%	715.8MiB / 1GiB				751022080	1074008064	578969600	880640	26558464	34942976	10	10
1788520460.688057536	0.00%	715.8MiB / 1GiB				751022080	1074008064	578969600	880640	26558464	34942976	10	10
1788520462.695126240	9.06%	704.6MiB / 1GiB				738861056	1074008064	578973696	880640	21446656	27205632	10	10
1788520464.706488244	0.00%	710.6MiB / 1GiB				745570304	1074008064	586768384	880640	21295104	26955776	10	10
1788520466.717221957	3.99%	707.5MiB / 1GiB				742305792	1074008064	586768384	880640	20000768	24985600	10	10
1788520468.726576945	9.55%	699.2MiB / 1GiB				733425664	1074008064	586772480	880640	16474112	19628032	10	10
1788520470.734547263	0.00%	690.9MiB / 1GiB				724922368	1074008064	586772480	880640	13099008	14499840	10	10
1788520472.739250417	8.41%	680.4MiB / 1GiB				713871360	1074008064	586772480	880640	8683520	7790592	10	10
1788520474.744253153	5.42%	676.4MiB / 1GiB				709693440	1074008064	595578880	880640	3559424	4096	10	10
